id	source	owner	field	influence	lifetime	storage	bound	category	admission	failure	release	status	tests
core.session.sites	crates/dustnet-core/src/session.rs	SessionStore	sites	remote	process	retained	MAX_TOTAL_SESSIONS nonempty origin buckets	none	fallible Vec reserve plus hard site and total bounds; production lifetime accounting is owned by GovernedSessionStore	allocation rejection preserves entries and never creates an empty bucket	clear or store drop	bounded	retained_capacity_counts_every_nested_owner_and_fallible_clone
core.session.tokens	crates/dustnet-core/src/session.rs	SiteSessionStore	tokens	remote	process	retained	MAX_SESSIONS_PER_SITE and MAX_TOTAL_SESSIONS globally	none	fallible Vec and string construction under fixed semantic bounds; production lifetime accounting is owned by GovernedSessionStore	allocation rejection preserves the prior token set and eviction order	clear replacement eviction or store drop	bounded	per_site_limit
scanner.chars	crates/dustnet-core/src/scanner/mod.rs	Scanner	chars	remote	operation	retained	at most MAX_INPUT_SIZE Unicode scalar values	none	sanitized input and exact char backing are reserved fallibly before scanner publication	allocator rejection returns ScanError without publishing a partial scanner	tokenization completion or scanner drop	bounded	scanner_allocation_rejection_is_recoverable_at_every_site
transient.scanner_sanitized	crates/dustnet-core/src/scanner/mod.rs	Scanner::new	scratch	remote	operation	transient	MAX_INPUT_SIZE bytes	none	the sanitizer destination reserves the complete input-byte ceiling fallibly before filtering and then transfers into exact char backing	allocator rejection drops the unpublished scratch and returns ScanError	Scanner construction completion or rejection	bounded	scanner_allocation_rejection_is_recoverable_at_every_site
transient.scanner_tokens	crates/dustnet-core/src/scanner/mod.rs	Scanner::scan_all	result	remote	operation	transient	MAX_TOKEN_COUNT plus EOF with per-token text and attribute semantic bounds	none	complete token topology and every nested name value text and attribute owner grow only through checked fallible reserve sites	allocator rejection drops the partial disposable token stream and returns ScanError	parser transfer or drop	bounded	scanner_allocation_rejection_is_recoverable_at_every_site
parser.tokens	crates/dustnet-core/src/parser/mod.rs	Parser	tokens	remote	operation	retained	MAX_TOKEN_COUNT plus EOF and scanner-enforced nested payload bounds	none	the complete fallibly constructed scanner token stream moves into the parser without copying	parser allocation rejection suppresses the candidate Document and preserves only disposable bounded state	parse completion or parser drop	bounded	parser_allocation_rejection_discards_every_candidate_phase_and_retries
parser.diagnostics	crates/dustnet-core/src/parser/mod.rs	Parser	diagnostics	remote	operation	retained	at most parser element and validation bounds with bounded messages	none	each message and diagnostic row grows through checked fallible formatting and collection reserve	allocation rejection sets resource_exhausted and publishes no Document	ParseResult transfer or parser drop	bounded	parser_allocation_rejection_discards_every_candidate_phase_and_retries
component_def.name	crates/dustnet-core/src/parser/components.rs	ComponentDef	name	remote	operation	retained	one scanner-bounded component name within MAX_DEFS	none	fallible exact copy into a disposable expansion definition	allocation rejection suppresses the parsed candidate	expansion completion or rejection	bounded	parser_allocation_rejection_discards_every_candidate_phase_and_retries
component_def.attrs	crates/dustnet-core/src/parser/components.rs	ComponentDef	attrs	remote	operation	retained	scanner-bounded definition attribute list within MAX_DEFS	none	every topology row name and default string uses checked fallible reserve	allocation rejection drops the partial definition and suppresses the parsed candidate	expansion completion or rejection	bounded	parser_allocation_rejection_discards_every_candidate_phase_and_retries
component_def.slots	crates/dustnet-core/src/parser/components.rs	ComponentDef	slots	remote	operation	retained	scanner-bounded slot list within MAX_DEFS	none	every slot string and topology row uses checked fallible reserve	allocation rejection drops the partial definition and suppresses the parsed candidate	expansion completion or rejection	bounded	parser_allocation_rejection_discards_every_candidate_phase_and_retries
component_def.body_tokens	crates/dustnet-core/src/parser/components.rs	ComponentDef	body_tokens	remote	operation	retained	MAX_EXPANDED_TOKENS with scanner-bounded nested token payloads	none	tokens and every nested name attribute and text owner are copied only through checked fallible sites	allocation rejection drops the partial definition and suppresses the parsed candidate	expansion completion or rejection	bounded	parser_allocation_rejection_discards_every_candidate_phase_and_retries
transient.component_expansion	crates/dustnet-core/src/parser/components.rs	expand_components	result	remote	operation	transient	MAX_EXPANDED_TOKENS plus bounded definitions maps slots substitutions and diagnostics	none	all collection map token string substitution and diagnostic construction is fallible before parser publication	allocator rejection returns a resource-exhausted marker and disposable partial result	Parser transfer or drop	bounded	parser_allocation_rejection_discards_every_candidate_phase_and_retries
transient.parser_result	crates/dustnet-core/src/parser/mod.rs	parse	result	remote	operation	transient	MAX_ELEMENTS MAX_DEPTH scanner payload limits and validation bounds	none	component expansion parser AST payload and diagnostic owners use checked fallible construction	any phase rejection marks resource_exhausted and suppresses Document publication	remote parsed-page transfer local consumer or drop	bounded	parser_allocation_rejection_discards_every_candidate_phase_and_retries
transient.parser_validation	crates/dustnet-core/src/parser/validate.rs	validate_triggers	result	remote	operation	transient	MAX_ELEMENTS and MAX_ON_BINDINGS borrowed indexes traversal state and diagnostics	none	borrowed panel animation element and binding indexes reserve fallibly without duplicating AST strings	allocation rejection marks the parse resource-exhausted and discards validation candidates	parse completion or rejection	bounded	parser_allocation_rejection_discards_every_candidate_phase_and_retries
client.governed_sessions	crates/dustnet-client/src/session_store.rs	GovernedSessionStore	inner	remote	process	retained	MAX_SESSION_CANDIDATE_BYTES staged owner and exact final retained capacity	Sessions	full candidate lease is admitted while the old exact retained lease remains live	budget or allocator rejection drops the candidate and preserves the exact active store	clear replacement or client drop	governed	governed_sessions_account_exact_retained_capacity_until_clear_and_drop,governed_sessions_candidate_rejection_preserves_the_exact_store
client.active_subscriptions	crates/dustnet-client/src/client.rs	AtpClient	active_subscriptions	remote	connection	retained	MAX_ACTIVE_SUBSCRIPTIONS fixed slots and MAX_CONTROL_MESSAGE_SIZE per wire body	RemoteCollections	fixed slot topology; conservative payload lease and fallible endpoint/region/body construction occur before send	rejection or send failure drops the candidate without installing local ownership	unsubscribe retirement or client drop	governed	subscription_admission_and_send_failure_preserve_exact_empty_state
client.pending_updates	crates/dustnet-client/src/client.rs	AtpClient	pending_updates	remote	page	retained	MAX_PENDING_UPDATES fixed slots and MAX_PENDING_UPDATE_BYTES	PendingUpdates	fixed ring topology plus exact update and fallibly cloned owner lease before allocation-free enqueue	count byte governor or owner-allocation rejection preserves the exact queue	ScopedUpdate scope retirement disconnect or client drop	governed	pending_update_queue_is_fixed_atomic_and_releases_exactly,pending_update_owner_allocation_rejection_is_atomic
viewer.history	crates/dustnet-client/src/viewer.rs	ViewerModel	history	remote	viewer	retained	MAX_HISTORY_ENTRIES and MAX_HISTORY_AML_BYTES	none	fixed inline ArrayVec topology; candidate owner and complete release/install effect capacity are prepared before renderer admission	full append evicts before allocation-free push and oversized single entries are rejected before admission	viewer drop	bounded	full_inline_history_evicts_before_push_and_orders_release_before_install
viewer.current_uri	crates/dustnet-client/src/viewer.rs	ViewerModel	current_uri	remote	viewer	retained	one production protocol-bounded URI	none	navigation reload form submission and cached activation prepare every duplicated URI fallibly and reserve effect capacity before reducer mutation	deterministic preparation rejection leaves generation requests and current model allocations exact	navigation replacement or viewer drop	bounded	navigation_preparation_rejection_preserves_exact_reducer_state
history_entry.scope	crates/dustnet-client/src/viewer.rs	HistoryEntry	scope	remote	viewer	retained	one page generation and canonical origin	none	normal commit moves a fallibly prepared owner and cached activation prepares replacement scopes before moving the exact old scope into rollback	preparation rejection precedes history mutation and failed activation restores the original allocation	entry eviction replacement or viewer drop	bounded	cached_preparation_pressure_protects_target_and_restores_previous_page
history_entry.uri	crates/dustnet-client/src/viewer.rs	HistoryEntry	uri	remote	viewer	retained	protocol URI limits	none	bounded URI is moved into fixed logical history without allocation after renderer admission	invalid or rejected navigation never commits the entry	entry eviction replacement or viewer drop	bounded	history_admission_is_an_exact_barrier_before_logical_commit
history_entry.retained_aml	crates/dustnet-client/src/viewer.rs	HistoryEntry	retained_aml	remote	viewer	retained	MAX_HISTORY_AML_BYTES logical length and exact retained String capacity	History	the original fetched String capacity is admitted by the renderer history transaction before allocation-free logical commit	admission rejection preserves the exact pending candidate and logical history	entry eviction replacement or viewer drop	governed	history_admission_rejection_retains_exact_candidate_until_install
pending_history_activation.previous_entry_scope	crates/dustnet-client/src/viewer.rs	PendingHistoryActivation	previous_entry_scope	remote	operation	retained	one cached-history rollback scope	none	activation preparation completes all new owners before mem::replace moves the exact prior history scope into rollback	preparation rejection leaves history untouched and failure restores the same allocation	activation failure success navigation replacement or viewer drop	bounded	cached_preparation_pressure_protects_target_and_restores_previous_page
pending_history_activation.previous_scope	crates/dustnet-client/src/viewer.rs	PendingHistoryActivation	previous_scope	remote	operation	retained	at most one prior page scope	none	activation preparation fallibly builds the separate retirement effect owner before Option::replace moves the exact model scope into rollback	preparation rejection leaves model state untouched and failure restores the same allocation	activation failure success navigation replacement or viewer drop	bounded	cached_preparation_pressure_protects_target_and_restores_previous_page
pending_history_activation.previous_uri	crates/dustnet-client/src/viewer.rs	PendingHistoryActivation	previous_uri	remote	operation	retained	at most one protocol-bounded URI	none	activation preparation fallibly builds the new current URI before Option::replace moves the exact prior URI into rollback	preparation rejection leaves model state untouched and failure restores the same allocation	activation failure success navigation replacement or viewer drop	bounded	cached_preparation_pressure_protects_target_and_restores_previous_page
pending_history_commit.owner	crates/dustnet-client/src/viewer.rs	PendingHistoryCommit	owner	remote	operation	retained	exactly one reducer-issued owner	none	fallible exact owner clone completes before renderer admission	owner allocation rejection retires the operation without publishing admission	commit failure navigation replacement or viewer drop	bounded	history_admission_is_an_exact_barrier_before_logical_commit
pending_history_commit.uri	crates/dustnet-client/src/viewer.rs	PendingHistoryCommit	uri	remote	operation	retained	one protocol-bounded URI	none	already-owned URI moves into the serialized pending slot and then fixed logical history	stale or failed operations cannot consume the pending URI	commit failure navigation replacement or viewer drop	bounded	history_admission_is_an_exact_barrier_before_logical_commit
pending_history_commit.retained_aml	crates/dustnet-client/src/viewer.rs	PendingHistoryCommit	retained_aml	remote	operation	retained	MAX_HISTORY_AML_BYTES logical length and exact retained String capacity	History	the single-owner String moves unchanged through renderer admission and logical commit	admission rejection preserves the exact String candidate for retry	commit failure navigation replacement or viewer drop	governed	history_admission_rejection_retains_exact_candidate_until_install
pending_history_commit.prepared_effects	crates/dustnet-client/src/viewer.rs	PendingHistoryCommit	prepared_effects	remote	operation	retained	MAX_HISTORY_ENTRIES release effects plus one install	none	fallible exact effect reserve completes before renderer admission	allocation rejection retires the operation before logical or renderer mutation	commit failure navigation replacement or viewer drop	bounded	full_inline_history_evicts_before_push_and_orders_release_before_install
page.budget_leases	crates/dustnet-client/src/compositor/terminal/runner.rs	LoadedPage	_budget_leases	remote	page	retained	fixed category lease set	mixed categories	all page candidates reserve before activation	candidate rejection preserves active page	page drop	governed	remote_parse_reserves_its_transient_bound_before_scanning,parser_allocation_rejection_discards_every_candidate_phase_and_retries
page.sticky_regions	crates/dustnet-client/src/compositor/terminal/runner.rs	LoadedPage	_sticky_regions	remote	page	retained	placed-element bound	RemoteCollections	reserve_projection_collections	candidate rollback before activation	page replacement or drop	governed	loaded_page_retains_and_releases_projection_collection_capacity,layout_allocation_rejection_refuses_the_page_at_every_site_and_recovers
page.buf	crates/dustnet-client/src/compositor/terminal/runner.rs	LoadedPage	buf	remote	page	retained	viewport and MAX_SCENE_CELLS	CompositorCells	CellBuffer governed constructor	candidate rollback or pressure retry	page replacement or drop	governed	governed_page_canvas_owns_exact_lease_until_drop,page_canvas_and_event_queue_rejection_refuse_the_page_and_recover
page.focusables	crates/dustnet-client/src/compositor/terminal/runner.rs	LoadedPage	focusables	remote	page	retained	element bound	RemoteCollections	reserve_projection_collections	candidate rollback before activation	page replacement or drop	governed	loaded_page_retains_and_releases_projection_collection_capacity,layout_allocation_rejection_refuses_the_page_at_every_site_and_recovers
page.placed	crates/dustnet-client/src/compositor/terminal/runner.rs	LoadedPage	placed	remote	page	retained	element bound	RemoteCollections	reserve_projection_collections	candidate rollback before activation	page replacement or drop	governed	loaded_page_retains_and_releases_projection_collection_capacity,layout_allocation_rejection_refuses_the_page_at_every_site_and_recovers
page.prepared_wasm	crates/dustnet-client/src/compositor/terminal/runner.rs	LoadedPage	prepared_wasm	remote	page	retained	MAX_WASM_INSTANCES paths and MAX_WASM_MODULE_SIZE per body	RemoteCollections and ResourceCache	fixed batch moves the exact pre-admitted path lease and ScopedResource body leases from runtime into the loaded page	candidate failure leaves the runtime batch intact and successful layout transfers without cloning	page replacement or drop	governed	layout_pressure_retains_exact_parsed_candidate_until_activation,wasm_batch_path_pressure_restores_exact_parse_candidate_for_retry
page.sticky_buf	crates/dustnet-client/src/compositor/terminal/runner.rs	LoadedPage	sticky_buf	remote	page	retained	viewport and content bounds	CompositorCells	governed sticky split	candidate rollback or pressure retry	page replacement or drop	governed	governed_sticky_split_rolls_back_without_orphan_leases,page_canvas_and_event_queue_rejection_refuse_the_page_and_recover
page.wasm_dir	crates/dustnet-client/src/compositor/terminal/runner.rs	LoadedPage	wasm_dir	local	page	retained	local fixture path only	none	local page construction	operation error	page replacement or drop	local	local_page_wasm_uses_explicit_directory
runtime.activated_navigation	crates/dustnet-client/src/compositor/terminal/runner.rs	TerminalRuntime	activated_navigation	remote	operation	retained	exactly one reducer completion	none	allocation-free single-owner slot keyed by generation and request after metadata construction	occupied or stale owners cannot overwrite or consume the current completion	exact dispatch consumption RetirePageWork or runtime drop	bounded	serialized_navigation_slot_rejects_stale_overwrite_and_retires_exact_scope
runtime.deferred_proposal	crates/dustnet-client/src/compositor/terminal/runner.rs	TerminalRuntime	deferred_proposal	remote	page	retained	exactly one proposal with AML-bounded strings	none	fallible FocusAction and href ownership precedes allocation-free Option installation keyed by generation	allocation rejection leaves no proposal and stale generations cannot consume a current proposal	defer consumption RetirePageWork or runtime drop	bounded	deferred_navigation_completion_requires_its_exact_page_owner
runtime.fetched_pages	crates/dustnet-client/src/compositor/terminal/runner.rs	TerminalRuntime	fetched_pages	remote	operation	retained	exactly one reducer-issued fetch completion	none	allocation-free single-owner slot moves the protocol-created URI and AML String without conversion or owner cloning	occupied or stale owners cannot overwrite or consume the current completion	parse RetirePageWork or runtime drop	bounded	parse_pressure_retains_exact_payload_and_active_page_for_retry
runtime.history	crates/dustnet-client/src/compositor/terminal/runner.rs	TerminalRuntime	history	remote	viewer	retained	MAX_HISTORY_ENTRIES and bytes	History	artifact admitted before logical commit	pressure retry or independent error	artifact release or runtime drop	governed	history_admission_rejection_retains_exact_candidate_until_install
runtime.parsed_pages	crates/dustnet-client/src/compositor/terminal/runner.rs	TerminalRuntime	parsed_pages	remote	operation	retained	exactly one reducer-issued parsed page	AstStrings	allocation-free single-owner slot moves the governed parse candidate and fallibly owned URI metadata	pressure restores the exact taken candidate and stale owners cannot consume it	layout RetirePageWork or runtime drop	bounded	layout_pressure_retains_exact_parsed_candidate_until_activation
runtime.pending_history_artifact	crates/dustnet-client/src/compositor/terminal/runner.rs	TerminalRuntime	pending_history_artifact	remote	operation	retained	exactly one serialized pending navigation	History	fixed Option slot keyed by allocation-free generation/request pair; title shares the scene Arc and history admission includes its exact bytes	stale owner is ignored and replacement drops the prior exact candidate	install retirement or runtime drop	governed	history_admission_rejection_retains_exact_candidate_until_install
runtime.pending_updates	crates/dustnet-client/src/compositor/terminal/runner.rs	TerminalRuntime	pending_updates	remote	operation	retained	exactly one synchronously dispatched update	PendingUpdates	allocation-free exact-owner slot retains the already-leased ScopedUpdate while the reducer drains its retry sequence	collision and stale owners cannot replace or consume the current update	completion RetirePageWork or runtime drop	governed	runtime_pending_update_slot_preserves_exact_owner_and_releases_lease,pending_update_owner_allocation_rejection_is_atomic
runtime.prepared_layout	crates/dustnet-client/src/compositor/terminal/runner.rs	TerminalRuntime	prepared_layout	remote	operation	retained	exactly one serialized page or resize preparation	none	fixed Option slot keyed by allocation-free generation/request pair after the candidate is fully admitted	stale owner is ignored without changing the active page	activation retirement or runtime drop	bounded	stale_prepared_page_is_never_installed_by_runtime
runtime.prepared_navigation	crates/dustnet-client/src/compositor/terminal/runner.rs	TerminalRuntime	prepared_navigation	remote	operation	retained	exactly one reducer-issued prepared navigation	none	allocation-free single-owner slot receives fallibly cloned bounded URI metadata or a moved cached entry; network AML moves directly to history	metadata allocation failure restores the parsed candidate and stale owners cannot consume it	activation RetirePageWork or runtime drop	bounded	serialized_navigation_slot_rejects_stale_overwrite_and_retires_exact_scope
runtime.prepared_wasm	crates/dustnet-client/src/compositor/terminal/runner.rs	TerminalRuntime	prepared_wasm	remote	operation	retained	exactly one FIFO completion marker	none	allocation-free single-owner PreparedSlot keyed by generation and request	occupied or stale owners cannot overwrite or consume the current marker	activation RetirePageWork or runtime drop	bounded	stale_same_scope_wasm_work_cannot_mutate_runtime_artifacts
runtime.region_buffers	crates/dustnet-client/src/compositor/terminal/runner.rs	TerminalRuntime	region_buffers	remote	page	retained	MAX_ACTIVE_SUBSCRIPTIONS fixed projection slots and SceneCells row capacity	SceneCells	allocation-free numeric-key table retains only transactionally built flat governed buffers	full-table governor or allocator rejection leaves every exact slot unchanged	successful page replacement subscription retirement transport loss or runtime drop	governed	fixed_region_table_rejects_capacity_and_failed_first_update_atomically,region_row_rejection_keeps_the_previous_generation_and_recovers
runtime.wasm_resources	crates/dustnet-client/src/compositor/terminal/runner.rs	TerminalRuntime	wasm_resources	remote	operation	retained	one MAX_WASM_INSTANCES batch for the serialized page pipeline	RemoteCollections and ResourceCache	atomic aggregate path admission plus fixed inline artifact slots retaining exact ScopedResource leases	pressure restores the fetched parse candidate duplicate or stale owners cannot install and layout failure retains the batch	allocation-free transfer to LoadedPage RetirePageWork or runtime drop	governed	wasm_batch_path_pressure_restores_exact_parse_candidate_for_retry
scene.event_bindings	crates/dustnet-client/src/compositor/scene/tree.rs	Scene	event_bindings	remote	page	retained	MAX_EVENT_BINDINGS inline entries plus parser-bounded strings	AstStrings	fixed ArrayVec topology and fallible string copies complete before scene string admission	binding overflow or string allocation failure marks the disposable candidate invalid without retaining a partial table	page drop	bounded	event_binding_topology_is_fixed_and_overflow_fails_closed
event_binding.source	crates/dustnet-client/src/compositor/scene/events.rs	EventBinding	source	remote	page	retained	one optional parser-bounded source id	AstStrings	fallible exact String copy completes before candidate publication and its capacity is included in scene string admission	allocation or aggregate-budget rejection drops the disposable candidate before activation	page drop	bounded	event_binding_topology_is_fixed_and_overflow_fails_closed
event_binding.target	crates/dustnet-client/src/compositor/scene/events.rs	EventBinding	target	remote	page	retained	one parser-bounded target id	AstStrings	fallible exact String copy completes before candidate publication and its capacity is included in scene string admission	allocation or aggregate-budget rejection drops the disposable candidate before activation	page drop	bounded	event_binding_topology_is_fixed_and_overflow_fails_closed
event_binding.to	crates/dustnet-client/src/compositor/scene/events.rs	EventBinding	to	remote	page	retained	one optional parser-bounded state id	AstStrings	fallible exact String copy completes before candidate publication and its capacity is included in scene string admission	allocation or aggregate-budget rejection drops the disposable candidate before activation	page drop	bounded	event_binding_topology_is_fixed_and_overflow_fails_closed
scene.nodes	crates/dustnet-client/src/compositor/scene/tree.rs	Scene	nodes	remote	page	retained	parser element bound plus root and one dormant overlay	RemoteCollections	one disposable generational arena fallibly reserves its complete slot and free-index backing before construction and reconciles one exact page lease	governor or allocator rejection leaves an invalid unpublished candidate with no retained arena backing	page replacement or drop	governed	scene_node_topology_governor_and_allocator_rejection_discard_candidates
scene_nodes.slots	crates/dustnet-client/src/compositor/scene/tree.rs	SceneNodes	slots	remote	page	retained	parser element bound plus root and one dormant overlay	RemoteCollections	fallible exact reserve completes before node insertion and actual Vec capacity is included in the aggregate node-topology lease	rejection publishes no node and slot reuse never grows governed backing	page replacement or drop	governed	node_arena_reuses_slots_without_growth_and_rejects_stale_keys,scene_node_topology_governor_and_allocator_rejection_discard_candidates
scene_nodes.free	crates/dustnet-client/src/compositor/scene/tree.rs	SceneNodes	free	remote	page	retained	one reusable index per admitted arena slot	RemoteCollections	fallible exact reserve completes alongside slot admission and covers allocation-free removal and reuse	rejection publishes no arena and stale generations cannot consume reused slots	page replacement or drop	governed	node_arena_reuses_slots_without_growth_and_rejects_stale_keys,scene_node_topology_governor_and_allocator_rejection_discard_candidates
scene.node_relation_topology_lease	crates/dustnet-client/src/compositor/scene/tree.rs	Scene	_node_relation_topology_lease	remote	page	retained	checked document-wide upper bound then exact AmlIdIndex and all Node.children Vec capacities	RemoteCollections	one aggregate candidate lease precedes fallible index and child-list reserves and reconciles to allocator-selected capacities	admission or allocation rejection marks only the disposable candidate invalid	page replacement or drop	governed	scene_node_relations_account_actual_capacities_and_release,every_scene_allocation_site_refuses_without_a_partial_scene
node.children	crates/dustnet-client/src/compositor/scene/node.rs	Node	children	remote	page	retained	one parent edge per authored node plus one dormant transition root edge	RemoteCollections	candidate admission covers every fallible child-list reserve; governed structural replacement reuses existing backing and overflow fails closed	allocation rejection precedes parent linkage and governed structural overflow leaves topology unchanged	subtree removal reconciles released backing; page replacement or drop releases the remainder	governed	scene_node_relations_account_actual_capacities_and_release,scene_node_topology_governor_and_allocator_rejection_discard_candidates
node.buffer	crates/dustnet-client/src/compositor/scene/node.rs	Node	buffer	remote	page	retained	MAX_SCENE_CELLS across the page	SceneCells	each remotely influenced CellBuffer has exact fallible admission and retained lease	candidate or replacement failure preserves the prior buffer	buffer replacement node removal or page drop	governed	governed_scene_buffers_retain_exact_individual_leases,refused_node_buffer_marks_the_scene_and_retains_no_cells
node.aml_id	crates/dustnet-client/src/compositor/scene/node.rs	Node	aml_id	remote	page	retained	parser-bounded AML identifier	AstStrings	fallible exact copy completes in the disposable builder before scene string admission; compatibility patches move an already-owned identifier after relation-capacity checks	allocation rejection marks only the candidate invalid before activation and retry reconstructs the exact identifier	node removal or page drop	bounded	scene_aml_id_copy_rejection_discards_the_candidate_and_retries
scene.title	crates/dustnet-client/src/compositor/scene/tree.rs	Scene	title	remote	page	retained	page message bound	AstStrings	parser lease reconciled to retained capacity	candidate rejection before activation	page drop	governed	remote_parse_reserves_its_transient_bound_before_scanning,parser_allocation_rejection_discards_every_candidate_phase_and_retries
compositor.last_output	crates/dustnet-client/src/compositor/composite.rs	Compositor	last_output	remote	frame	retained	MAX_SCENE_CELLS	CompositorCells	governed frame cells move into a fallibly allocated shared owner before cache replacement	cell or shared-owner rejection preserves the exact prior frame	last shared owner drop	governed	shared_frame_owner_rejection_preserves_the_exact_cached_frame
compositor.last_presented	crates/dustnet-client/src/compositor/composite.rs	Compositor	last_presented	remote	frame	retained	MAX_SCENE_CELLS	CompositorCells	allocation-free clone of the already fallibly constructed governed frame owner	presentation failure preserves the prior shared frame	last shared owner drop	governed	governed_cache_tracks_unique_retained_frames_exactly,shared_frame_owner_rejection_preserves_the_exact_cached_frame
compositor.pending_present_dirty	crates/dustnet-client/src/compositor/composite.rs	Compositor	pending_present_dirty	remote	frame	transient	one inline bounding rectangle	none	allocation-free Option union retains no heap topology	disjoint dirty rectangles conservatively coalesce without allocation	presentation or compositor drop	bounded	pending_present_dirty_union_is_allocation_free_and_reusable
animation.animations	crates/dustnet-client/src/compositor/animate/runtime.rs	AnimationRuntime	animations	remote	page	retained	MAX_ANIMATION_REGIONS plus one system transition	RemoteCollections	construction pre-reserves and reconciles capacity	candidate rejection preserves active page	page drop	governed	from_scene_retains_exact_animation_frame_and_payload_leases,frame_collection_rejection_refuses_the_runtime_and_recovers
animation.transition_animations	crates/dustnet-client/src/compositor/animate/runtime.rs	AnimationRuntime	transition_animations	remote	page	retained	MAX_ANIMATION_REGIONS	RemoteCollections	transition capacity pre-admitted before patch commit	presentation failure rolls back transition candidate	page drop	governed	panel_transition_collection_is_preadmitted_and_released,frame_collection_rejection_refuses_the_runtime_and_recovers
events.pending	crates/dustnet-client/src/compositor/terminal/events.rs	EventDispatcher	pending	remote	page	retained	MAX_PENDING_EVENT_ACTIONS binding-index entries	RemoteCollections	EventDispatcher::try_governed admits fixed queue topology with the page	candidate rejection is atomic and a ready item remains exact until its mutation commits	page replacement or runtime drop	governed	queue_capacity_is_governed_for_the_page_lifetime,page_canvas_and_event_queue_rejection_refuse_the_page_and_recover
command.buffer	crates/dustnet-client/src/compositor/terminal/presentation.rs	CommandLine	buffer	local	process	retained	MAX_COMMAND_BYTES local input	none	prefill and character growth check the byte bound and reserve fallibly before mutation	allocation rejection preserves the prior buffer and oversized prefill is truncated at a UTF-8 boundary	clear or runtime drop	local	command_line_input_enforces_its_utf8_byte_bound
command.history	crates/dustnet-client/src/compositor/terminal/presentation.rs	CommandLine	history	local	process	retained	MAX_COMMAND_HISTORY inline entries each bounded by MAX_COMMAND_BYTES	none	fallibly constructed bounded command Strings move into a fixed ArrayVec after oldest-entry eviction	allocation rejection leaves prior history exact and excess commands evict one oldest entry	runtime drop	bounded	command_line_history_is_fixed_and_evicts_the_oldest_entry
command.message	crates/dustnet-client/src/compositor/terminal/presentation.rs	CommandLine	message	mixed	process	retained	MAX_COMMAND_MESSAGE_BYTES sanitized UTF-8	none	static and formatted sources write through bounded fallible buffers before one-pass sanitization and atomic replacement	allocation rejection preserves the prior message and oversized sources truncate at a character boundary	next message or runtime drop	bounded	command_line_formatted_message_is_fallible_and_bounded
command.saved_buffer	crates/dustnet-client/src/compositor/terminal/presentation.rs	CommandLine	saved_buffer	local	process	retained	MAX_COMMAND_BYTES local input	none	fallible bounded copy completes with the recalled history entry before navigation state changes	allocation rejection preserves the exact buffer cursor saved buffer and history index	clear or runtime drop	local	command_line_history_copy_rejection_preserves_exact_navigation_state
server.subscription_metadata_lease	crates/dustnet-server/src/lib.rs	StaticSubscription	_metadata_lease	remote	connection	retained	exact retained region capacity	ServerSubscriptions	reserved before the region is retained and resized to its exact capacity	governor or owner-keyed allocator rejection drops the complete candidate	unsubscribe disconnect or server drop	governed	subscription_owner_keyed_allocation_rejection_rolls_back_every_candidate
server.subscription_region	crates/dustnet-server/src/lib.rs	StaticSubscription	region	remote	connection	retained	protocol region length 16 subscriptions and 128 MiB server-wide subscription budget	ServerSubscriptions	metadata lease precedes owner-keyed fallible retained String construction	governor allocator or protocol rejection drops the complete candidate	unsubscribe disconnect or server drop	governed	subscription_owner_keyed_allocation_rejection_rolls_back_every_candidate
protocol.raw_frame_body	crates/dustnet-core/src/protocol/frame.rs	RawFrame	body	remote	operation	transient	MAX_FRAME_SIZE and per-message body limits	none	static files and inbound frames use fallible bounded body allocation; serializers and frame assembly are fallible	allocation rejection returns ProtocolError before body publication	frame consumption or drop	bounded	static_resource_read_is_fallible_and_returns_only_filled_bytes
client.resource_cache_wrapper	crates/dustnet-client/src/client.rs	AtpClient	resource_cache	remote	process	retained	MAX_RESOURCE_CACHE entries and bytes	mixed categories	fixed inline cache topology delegates exact key and body ownership to ResourceCacheEntry	full insertion evicts an exact LRU entry without topology growth	client drop	bounded	resource_cache_promotes_hits_before_eviction
cache.entries	crates/dustnet-client/src/client.rs	ResourceCache	entries	remote	process	retained	MAX_RESOURCE_CACHE fixed inline slots	RemoteCollections	ArrayVec topology is allocation-free and LRU remove/push cannot grow	count and byte bounds evict before the checked push	eviction clear or cache drop	bounded	resource_cache_promotes_hits_before_eviction
cache_entry.origin	crates/dustnet-client/src/client.rs	ResourceCacheEntry	origin	remote	process	retained	one protocol-bounded canonical origin	RemoteCollections	already-owned origin and its exact host-capacity lease move into the fixed entry	key budget rejection preserves existing entries	eviction replacement or cache drop	governed	resource_cache_keys_hold_exact_remote_collection_leases,resource_cache_key_budget_rejection_preserves_existing_entry
cache_entry.path	crates/dustnet-client/src/client.rs	ResourceCacheEntry	path	remote	process	retained	MAX_CONTROL_MESSAGE_SIZE	RemoteCollections	already-owned path and its exact capacity lease move into the fixed entry	key budget rejection preserves existing entries	eviction replacement or cache drop	governed	resource_cache_keys_hold_exact_remote_collection_leases,resource_cache_key_budget_rejection_preserves_existing_entry
cache_entry.resource	crates/dustnet-client/src/client.rs	ResourceCacheEntry	resource	remote	process	retained	MAX_WASM_MODULE_SIZE and MAX_RESOURCE_CACHE_BYTES	ResourceCache	complete fallible shared owner moves into the fixed cache slot after body and control-block admission	allocator rejection preserves the same-key entry and releases the candidate lease	eviction replacement or final ScopedResource drop	governed	shared_resource_owner_rejection_preserves_same_cache_entry
cache_entry.key_lease	crates/dustnet-client/src/client.rs	ResourceCacheEntry	_key_lease	remote	process	retained	exact origin host and path capacity	RemoteCollections	key lease is reserved before retained key installation	budget rejection preserves exact cache order and entries	eviction replacement or cache drop	governed	resource_cache_key_budget_rejection_preserves_existing_entry
client.transport_offered_capabilities	crates/dustnet-client/src/transport.rs	AtpConnection	offered_capabilities	local	connection	retained	32 protocol capabilities	none	locally configured negotiation offer	invalid local configuration fails negotiation	connection drop	local	capability_must_be_negotiated_by_both_peers
page.animation_runtime_wrapper	crates/dustnet-client/src/compositor/terminal/runner.rs	LoadedPage	anim_rt	remote	page	retained	MAX_ANIMATION_REGIONS plus one system transition	RemoteCollections	animation construction pre-admits exact retained collections and payloads	candidate rejection preserves active page	page replacement or drop	governed	from_scene_retains_exact_animation_frame_and_payload_leases,frame_collection_rejection_refuses_the_runtime_and_recovers
page.event_dispatcher_wrapper	crates/dustnet-client/src/compositor/terminal/runner.rs	LoadedPage	prepared_event_dispatcher	remote	page	retained	MAX_PENDING_EVENT_ACTIONS	RemoteCollections	fixed queue topology is admitted with the candidate page	candidate rejection preserves active page	activation transfer or page drop	governed	queue_capacity_is_governed_for_the_page_lifetime,page_canvas_and_event_queue_rejection_refuse_the_page_and_recover
runtime.command_line_wrapper	crates/dustnet-client/src/compositor/terminal/runner.rs	TerminalRuntime	command_line	mixed	process	retained	MAX_COMMAND_BYTES input MAX_COMMAND_MESSAGE_BYTES messages and fixed MAX_COMMAND_HISTORY rows	none	all retained strings are constructed fallibly before publication and history navigation copies complete before state mutation	allocation rejection preserves the exact buffer cursor saved buffer and history index	runtime drop	bounded	command_line_history_copy_rejection_preserves_exact_navigation_state
runtime.deferred_navigation	crates/dustnet-client/src/compositor/terminal/runner.rs	TerminalRuntime	deferred_navigation	remote	page	retained	exactly one authored navigation proposal	none	owner scope and fallibly prepared proposal payload move into an allocation-free Option	stale effects cannot consume a differently keyed proposal and retirement clears matching work	resume RetirePageWork or runtime drop	bounded	deferred_navigation_completion_requires_its_exact_page_owner
runtime.error_log_wrapper	crates/dustnet-client/src/compositor/terminal/runner.rs	TerminalRuntime	error_log	mixed	process	retained	MAX_ERROR_ENTRIES fixed rows and MAX_ERROR_MESSAGE_CHARS per message	none	fixed inline topology plus one-pass fallible bounded sanitization completes each row before installation	allocation rejection counts the message as omitted without changing retained rows	clear or runtime drop	bounded	error_log_messages_are_sanitized_and_bounded_fallibly
runtime.event_dispatcher_wrapper	crates/dustnet-client/src/compositor/terminal/runner.rs	TerminalRuntime	event_dispatcher	remote	page	retained	MAX_PENDING_EVENT_ACTIONS	RemoteCollections	fixed queue topology is admitted with the active page	queue-full rejection precedes authored mutation	page replacement or runtime drop	governed	queue_capacity_is_governed_for_the_page_lifetime,page_canvas_and_event_queue_rejection_refuse_the_page_and_recover
runtime.pending_page_transition	crates/dustnet-client/src/compositor/terminal/runner.rs	TerminalRuntime	pending_page_transition	remote	operation	retained	one viewport snapshot	CompositorCells	exact source snapshot lease is admitted before capture	pressure preserves the exact capture for reducer retry	transition start retirement or runtime drop	governed	page_transition_start_pressure_preserves_exact_capture_until_retry
runtime.pending_tick	crates/dustnet-client/src/compositor/terminal/runner.rs	TerminalRuntime	pending_tick	remote	frame	retained	bounded animation result collections	RemoteCollections	complete output is pre-admitted before animation advancement	pressure does not advance animation or publish partial completion	commit retry page retirement or runtime drop	governed	tick_output_retains_exact_lease_until_result_drop
runtime.resumed_navigation	crates/dustnet-client/src/compositor/terminal/runner.rs	TerminalRuntime	resumed_navigation	remote	page	retained	exactly one authored FocusAction	none	allocation-free single-owner slot moves the already-fallibly prepared action and retains only numeric owner identity	stale completion cannot consume or overwrite current work	main-loop consumption RetirePageWork or runtime drop	bounded	deferred_navigation_completion_requires_its_exact_page_owner
region.rows	crates/dustnet-client/src/compositor/terminal/runner.rs	RegionBuffer	rows	remote	page	retained	checked buffer_limit times width within MAX_SCENE_CELLS	SceneCells	flat row-major Vec construction is fallible and its actual retained capacity is reconciled to the candidate lease before swap	governor allocator arithmetic or capacity rejection preserves exact prior flat cells and lease	replace trim page replacement subscription retirement or drop	governed	live_region_rows_are_exactly_leased_and_released,region_row_rejection_keeps_the_previous_generation_and_recovers
region_entry.buffer	crates/dustnet-client/src/compositor/terminal/runner.rs	RegionBufferEntry	buffer	remote	page	retained	one flat governed buffer for a numeric projection key	SceneCells	new buffer is completely built and admitted before allocation-free fixed-slot installation	failed first update installs no placeholder and replacement failure preserves the prior entry	page replacement subscription retirement transport loss or runtime drop	governed	fixed_region_table_rejects_capacity_and_failed_first_update_atomically,region_row_rejection_keeps_the_previous_generation_and_recovers
region_table.entries	crates/dustnet-client/src/compositor/terminal/runner.rs	RegionBuffers	entries	remote	page	retained	MAX_ACTIVE_SUBSCRIPTIONS inline slots	SceneCells	fixed array topology keyed by allocation-free SubscriptionRegionKey with no retained remote String duplicate	full table rejects without mutation and same-key configuration replacement is transactional	page replacement subscription retirement transport loss or runtime drop	governed	fixed_region_table_rejects_capacity_and_failed_first_update_atomically,region_row_rejection_keeps_the_previous_generation_and_recovers
scene.aml_id_index	crates/dustnet-client/src/compositor/scene/tree.rs	Scene	aml_id_index	remote	page	retained	checked document-wide element bound of NodeId-only entries	RemoteCollections	one aggregate candidate lease precedes a fallible exact reserve and reconciles actual capacity; governed structural overflow fails before mutation	allocator governor or arithmetic rejection invalidates only the disposable candidate	logical removal retains backing; page replacement or drop releases it	governed	scene_node_relations_account_actual_capacities_and_release,scene_node_topology_governor_and_allocator_rejection_discard_candidates
scene.invalidation_wrapper	crates/dustnet-client/src/compositor/scene/tree.rs	Scene	invalidation	remote	page	retained	candidate authored-node bound plus inline dirty rectangles	RemoteCollections	candidate scene pre-admits and reconciles its authored layout-node backing while composite and present use allocation-free inline unions	admission failure marks the disposable candidate invalid; out-of-bound compatibility structural marks reject allocation-free and set resource_error	logical clear plus backing release on page replacement or drop	governed	scene_layout_invalidation_is_preadmitted_and_released,every_scene_allocation_site_refuses_without_a_partial_scene
scene.relayout_journal_wrapper	crates/dustnet-client/src/compositor/scene/tree.rs	Scene	relayout_journal	remote	operation	retained	one serialized relayout over current scene topology	RemoteCollections	one aggregate lease covers the actual capacities of all five fallibly reserved checkpoint vectors before mutation	reservation or lease reconciliation failure returns before installing a journal or mutating the scene	commit rollback or page drop	governed	relayout_journal_accounts_actual_capacities_and_releases,relayout_journal_rejection_installs_nothing_and_recovers
journal.layouts	crates/dustnet-client/src/compositor/scene/tree.rs	RelayoutJournal	layouts	remote	operation	retained	current scene node count	RemoteCollections	fallible exact reserve and actual-capacity reconciliation occur before journal publication	preparation failure leaves the scene and invalidation state exact	commit rollback or drop	governed	relayout_journal_accounts_actual_capacities_and_releases,relayout_journal_rejection_installs_nothing_and_recovers
journal.buffers	crates/dustnet-client/src/compositor/scene/tree.rs	RelayoutJournal	buffers	remote	operation	retained	current scene node count	RemoteCollections	fallible exact reserve and actual-capacity reconciliation occur before journal publication	preparation failure leaves live buffers owned by the scene	commit rollback or drop	governed	relayout_journal_accounts_actual_capacities_and_releases,relayout_journal_rejection_installs_nothing_and_recovers
journal.invalidation_layout	crates/dustnet-client/src/compositor/scene/tree.rs	RelayoutJournal	invalidation_layout	remote	operation	retained	current layout invalidation count	RemoteCollections	fallible exact reserve and actual-capacity reconciliation precede the allocation-free snapshot	preparation failure leaves the page-owned invalidation set exact	commit rollback or drop	governed	relayout_journal_accounts_actual_capacities_and_releases,relayout_journal_rejection_installs_nothing_and_recovers
journal.invalidation_composite	crates/dustnet-client/src/compositor/scene/tree.rs	RelayoutJournal	invalidation_composite	remote	operation	retained	one inline composite bounding rectangle	RemoteCollections	fallible exact reserve and actual-capacity reconciliation precede the snapshot	preparation failure leaves the inline dirty union exact	commit rollback or drop	governed	relayout_journal_accounts_actual_capacities_and_releases,relayout_journal_rejection_installs_nothing_and_recovers
journal.invalidation_present	crates/dustnet-client/src/compositor/scene/tree.rs	RelayoutJournal	invalidation_present	remote	operation	retained	one inline present bounding rectangle	RemoteCollections	fallible exact reserve and actual-capacity reconciliation precede the snapshot	preparation failure leaves the inline dirty union exact	commit rollback or drop	governed	relayout_journal_accounts_actual_capacities_and_releases,relayout_journal_rejection_installs_nothing_and_recovers
invalidation.composite	crates/dustnet-client/src/compositor/scene/invalidation.rs	Invalidation	composite	remote	frame	retained	one inline bounding rectangle	none	allocation-free Option union retains no heap topology	disjoint marks conservatively coalesce without allocation	clear or scene drop	bounded	bounding_box_unions_all
invalidation.layout	crates/dustnet-client/src/compositor/scene/invalidation.rs	Invalidation	layout	remote	page	retained	candidate authored-node count	RemoteCollections	candidate build fallibly reserves the Vec and reconciles its actual capacity before activation	admission failure marks the disposable candidate invalid; production property marks stay within the bound and structural overflow fails closed	logical drain or clear plus backing release on scene replacement or drop	governed	scene_layout_invalidation_is_preadmitted_and_released,every_scene_allocation_site_refuses_without_a_partial_scene
layout_invalidation.entries	crates/dustnet-client/src/compositor/scene/invalidation.rs	LayoutInvalidation	entries	remote	page	retained	candidate authored-node count	RemoteCollections	fallible exact Vec reserve and actual-capacity lease reconciliation occur during disposable candidate construction	admission failure activates no scene; out-of-bound compatibility structural marks reject without allocation and set resource_error	logical drain or clear plus backing release on scene replacement or drop	governed	scene_layout_invalidation_is_preadmitted_and_released,every_scene_allocation_site_refuses_without_a_partial_scene
layout_invalidation.lease	crates/dustnet-client/src/compositor/scene/invalidation.rs	LayoutInvalidation	_lease	remote	page	retained	actual retained NodeId Vec capacity	RemoteCollections	lease is acquired before reserve and reconciled to allocator-selected capacity before publication	reserve or resize rejection drops both candidate backing and lease	LayoutInvalidation drop	governed	scene_layout_invalidation_is_preadmitted_and_released,every_scene_allocation_site_refuses_without_a_partial_scene
invalidation.present	crates/dustnet-client/src/compositor/scene/invalidation.rs	Invalidation	present	remote	frame	retained	one inline bounding rectangle	none	allocation-free Option union retains no heap topology	disjoint marks conservatively coalesce without allocation	clear presentation or scene drop	bounded	bounding_box_unions_all
command.error_log_entries	crates/dustnet-client/src/compositor/terminal/presentation.rs	ErrorLog	entries	mixed	process	retained	MAX_ERROR_ENTRIES inline rows	none	fixed ArrayVec topology installs a completed ErrorEntry without heap growth	full-table messages increment the omitted counter without changing retained rows	clear or runtime drop	bounded	error_log_bounds_unique_session_entries
command.error_entry_message	crates/dustnet-client/src/compositor/terminal/presentation.rs	ErrorEntry	message	mixed	process	retained	MAX_ERROR_MESSAGE_CHARS MAX_ERROR_MESSAGE_WIDTH and four bytes per Unicode scalar	none	allocation-free sanitizer traversal writes through a bounded fallible String destination	allocation rejection increments omitted_count without publishing a partial row	clear or runtime drop	bounded	error_log_messages_are_sanitized_and_bounded_fallibly
server.transport_offered_capabilities	crates/dustnet-server/src/transport.rs	AtpServerStream	offered_capabilities	local	connection	retained	32 protocol capabilities	none	locally configured negotiation offer	invalid local configuration fails negotiation	connection drop	local	capability_must_be_negotiated_by_both_peers
transient.history_entry_try_clone	crates/dustnet-client/src/viewer.rs	HistoryEntry::try_clone	result	remote	operation	transient	MAX_HISTORY_AML_BYTES plus one protocol-bounded scope and URI	none	fallible exact AML String scope and URI construction completes before cached-history reducer mutation	allocation rejection returns no clone and preserves the exact logical history and active page	cached preparation completion failure or drop	bounded	history_entry_try_clone_fallibly_owns_every_payload
transient.server_read_static_body	crates/dustnet-server/src/lib.rs	read_static_body	result	remote	operation	transient	validated open-file metadata length plus one byte and MAX_FRAME_SIZE	none	checked fallible fixed buffer allocation precedes a capped read from the already-open file	allocation rejection or file growth returns ProtocolError without publishing a body	RawFrame transfer or drop	bounded	static_resource_read_is_fallible_and_returns_only_filled_bytes
transient.wasm_dependency_paths	crates/dustnet-client/src/compositor/terminal/runner.rs	wasm_dependency_paths	result	remote	operation	transient	MAX_ANIMATE_REGIONS and AML source limits	none	semantic input bounds plus fallible incremental reservation and fallible String ownership	allocation rejection returns an operation error without publishing partial output	ViewerEvent consumption or drop	bounded	none
transient.collect_form_values	crates/dustnet-client/src/compositor/terminal/runner.rs	collect_form_values	result	remote	operation	transient	form control and input limits	none	semantic input bounds plus fallible incremental reservation and fallible String ownership	allocation rejection returns an operation error without publishing partial output	form serialization or drop	bounded	forms_own_their_controls_and_selects_are_submitted
transient.url_encode_form	crates/dustnet-client/src/compositor/terminal/runner.rs	url_encode_form	result	remote	operation	transient	form control and input limits	none	semantic input bounds plus fallible incremental reservation and fallible String ownership	allocation rejection returns an operation error without publishing partial output	GET effect consumption or drop	bounded	url_encode_form_values
transient.terminal_hud_frame	crates/dustnet-client/src/compositor/terminal/runner.rs	draw_viewer_frame	result	mixed	frame	transient	terminal dimensions and the admitted page HUD history error command and status payload bounds	none	ANSI style glyph truncation URI resolution HUD row status expansion and final synchronized-frame growth all write through allocation-free or fallible destinations	any formatting or reserve rejection restores the compositor presentation baseline and discards the unpublished candidate before synchronized terminal output	terminal write completion or drop	bounded	terminal_hud_text_rejection_restores_the_presented_baseline
transient.protocol.encode_frame	crates/dustnet-core/src/protocol/frame.rs	encode_frame	result	mixed	operation	transient	MAX_FRAME_SIZE	none	checked semantic limit plus fallible exact construction of every successful owned value	resource exhaustion returns ProtocolError without publishing a partial value	transport write completion or drop	bounded	inbound_body_capacity_overflow_is_recoverable
transient.protocol.allocate_frame_body	crates/dustnet-core/src/protocol/frame.rs	allocate_frame_body	result	remote	operation	transient	validated message-specific limit and MAX_FRAME_SIZE	none	checked semantic limit plus fallible exact construction of every successful owned value	resource exhaustion returns ProtocolError without publishing a partial value	RawFrame transfer or drop	bounded	inbound_body_capacity_overflow_is_recoverable
transient.protocol.page_encode	crates/dustnet-core/src/protocol/message.rs	PageMessage::encode_body	result	remote	operation	transient	MAX_PAGE_MESSAGE_SIZE and MAX_FRAME_SIZE	none	checked semantic limit plus fallible exact construction of every successful owned value	resource exhaustion returns ProtocolError without publishing a partial value	RawFrame transfer or drop	bounded	page_encoding_and_decoding_enforce_page_bound
transient.protocol.page_decode	crates/dustnet-core/src/protocol/message.rs	PageMessage::decode_body	result	remote	operation	transient	MAX_PAGE_MESSAGE_SIZE and MAX_FRAME_SIZE	none	checked semantic limit plus fallible exact construction of every successful owned value	resource exhaustion returns ProtocolError without publishing a partial value	PageMessage transfer or drop	bounded	page_encoding_and_decoding_enforce_page_bound
protocol.hello.capabilities	crates/dustnet-core/src/protocol/message.rs	HelloMessage	capabilities	remote	operation	transient	32 capabilities within MAX_CONTROL_MESSAGE_SIZE	none	checked semantic limit plus fallible exact construction of every successful owned value	resource exhaustion returns ProtocolError without publishing a partial value	negotiation transfer or drop	bounded	none
protocol.hello.client	crates/dustnet-core/src/protocol/message.rs	HelloMessage	client	remote	operation	transient	MAX_CONTROL_MESSAGE_SIZE	none	checked semantic limit plus fallible exact construction of every successful owned value	resource exhaustion returns ProtocolError without publishing a partial value	negotiation transfer or drop	bounded	none
protocol.hello.color_support	crates/dustnet-core/src/protocol/message.rs	HelloMessage	color_support	remote	operation	transient	MAX_CONTROL_MESSAGE_SIZE	none	checked semantic limit plus fallible exact construction of every successful owned value	resource exhaustion returns ProtocolError without publishing a partial value	negotiation transfer or drop	bounded	none
protocol.hello.version	crates/dustnet-core/src/protocol/message.rs	HelloMessage	protocol_version	remote	operation	transient	MAX_CONTROL_MESSAGE_SIZE	none	checked semantic limit plus fallible exact construction of every successful owned value	resource exhaustion returns ProtocolError without publishing a partial value	negotiation transfer or drop	bounded	none
protocol.hello.terminal_size	crates/dustnet-core/src/protocol/message.rs	HelloMessage	terminal_size	remote	operation	transient	MAX_CONTROL_MESSAGE_SIZE	none	checked semantic limit plus fallible exact construction of every successful owned value	resource exhaustion returns ProtocolError without publishing a partial value	negotiation transfer or drop	bounded	none
protocol.welcome.capabilities	crates/dustnet-core/src/protocol/message.rs	WelcomeMessage	capabilities	remote	operation	transient	32 capabilities within MAX_CONTROL_MESSAGE_SIZE	none	checked semantic limit plus fallible exact construction of every successful owned value	resource exhaustion returns ProtocolError without publishing a partial value	negotiation transfer or drop	bounded	none
protocol.welcome.version	crates/dustnet-core/src/protocol/message.rs	WelcomeMessage	protocol_version	remote	operation	transient	MAX_CONTROL_MESSAGE_SIZE	none	checked semantic limit plus fallible exact construction of every successful owned value	resource exhaustion returns ProtocolError without publishing a partial value	negotiation transfer or drop	bounded	none
protocol.welcome.server	crates/dustnet-core/src/protocol/message.rs	WelcomeMessage	server	remote	operation	transient	MAX_CONTROL_MESSAGE_SIZE	none	checked semantic limit plus fallible exact construction of every successful owned value	resource exhaustion returns ProtocolError without publishing a partial value	negotiation transfer or drop	bounded	none
protocol.welcome.site_name	crates/dustnet-core/src/protocol/message.rs	WelcomeMessage	site_name	remote	operation	transient	MAX_CONTROL_MESSAGE_SIZE	none	checked semantic limit plus fallible exact construction of every successful owned value	resource exhaustion returns ProtocolError without publishing a partial value	negotiation transfer or drop	bounded	none
protocol.get.path	crates/dustnet-core/src/protocol/message.rs	GetMessage	path	remote	operation	transient	MAX_CONTROL_MESSAGE_SIZE and path limits	none	checked semantic limit plus fallible exact construction of every successful owned value	resource exhaustion returns ProtocolError without publishing a partial value	request handling or drop	bounded	none
protocol.get.query	crates/dustnet-core/src/protocol/message.rs	GetMessage	query	remote	operation	transient	MAX_CONTROL_MESSAGE_SIZE	none	checked semantic limit plus fallible exact construction of every successful owned value	resource exhaustion returns ProtocolError without publishing a partial value	request handling or drop	bounded	none
protocol.get.referrer	crates/dustnet-core/src/protocol/message.rs	GetMessage	referrer	remote	operation	transient	MAX_CONTROL_MESSAGE_SIZE	none	checked semantic limit plus fallible exact construction of every successful owned value	resource exhaustion returns ProtocolError without publishing a partial value	request handling or drop	bounded	none
protocol.get.session	crates/dustnet-core/src/protocol/message.rs	GetMessage	session	remote	operation	transient	MAX_CONTROL_MESSAGE_SIZE and session limits	none	checked semantic limit plus fallible exact construction of every successful owned value	resource exhaustion returns ProtocolError without publishing a partial value	request handling or drop	bounded	none
protocol.page.content	crates/dustnet-core/src/protocol/message.rs	PageMessage	content	remote	operation	transient	MAX_PAGE_MESSAGE_SIZE	none	checked semantic limit plus fallible exact construction of every successful owned value	resource exhaustion returns ProtocolError without publishing a partial value	page pipeline transfer or drop	bounded	page_encoding_and_decoding_enforce_page_bound
protocol.page.session_directives	crates/dustnet-core/src/protocol/message.rs	PageMessage	session_directives	remote	operation	transient	MAX_PAGE_MESSAGE_SIZE and session directive limits	none	checked semantic limit plus fallible exact construction of every successful owned value	resource exhaustion returns ProtocolError without publishing a partial value	session application or drop	bounded	page_encoding_and_decoding_enforce_page_bound
protocol.redirect.target	crates/dustnet-core/src/protocol/message.rs	RedirectMessage	target	remote	operation	transient	MAX_CONTROL_MESSAGE_SIZE and URI limits	none	checked semantic limit plus fallible exact construction of every successful owned value	resource exhaustion returns ProtocolError without publishing a partial value	redirect dispatch or drop	bounded	none
protocol.error.message	crates/dustnet-core/src/protocol/message.rs	ErrorMessage	message	remote	operation	transient	MAX_CONTROL_MESSAGE_SIZE	none	checked semantic limit plus fallible exact construction of every successful owned value	resource exhaustion returns ProtocolError without publishing a partial value	error dispatch or drop	bounded	none
protocol.input.form_data	crates/dustnet-core/src/protocol/message.rs	InputMessage	form_data	remote	operation	transient	MAX_INPUT_MESSAGE_SIZE and field limits	none	checked semantic limit plus fallible exact construction of every successful owned value	resource exhaustion returns ProtocolError without publishing a partial value	input handling or drop	bounded	none
protocol.input.path	crates/dustnet-core/src/protocol/message.rs	InputMessage	path	remote	operation	transient	MAX_INPUT_MESSAGE_SIZE and path limits	none	checked semantic limit plus fallible exact construction of every successful owned value	resource exhaustion returns ProtocolError without publishing a partial value	input handling or drop	bounded	none
protocol.input.session	crates/dustnet-core/src/protocol/message.rs	InputMessage	session	remote	operation	transient	MAX_INPUT_MESSAGE_SIZE and session limits	none	checked semantic limit plus fallible exact construction of every successful owned value	resource exhaustion returns ProtocolError without publishing a partial value	input handling or drop	bounded	none
protocol.subscribe.path	crates/dustnet-core/src/protocol/message.rs	SubscribeMessage	path	remote	operation	transient	MAX_CONTROL_MESSAGE_SIZE and path limits	none	checked semantic limit plus fallible exact construction of every successful owned value	resource exhaustion returns ProtocolError without publishing a partial value	subscription handling or drop	bounded	none
protocol.subscribe.region	crates/dustnet-core/src/protocol/message.rs	SubscribeMessage	region	remote	operation	transient	MAX_CONTROL_MESSAGE_SIZE and region limits	none	checked semantic limit plus fallible exact construction of every successful owned value	resource exhaustion returns ProtocolError without publishing a partial value	subscription handling or drop	bounded	none
protocol.subscribe.session	crates/dustnet-core/src/protocol/message.rs	SubscribeMessage	session	remote	operation	transient	MAX_CONTROL_MESSAGE_SIZE and session limits	none	checked semantic limit plus fallible exact construction of every successful owned value	resource exhaustion returns ProtocolError without publishing a partial value	subscription handling or drop	bounded	none
protocol.update.content	crates/dustnet-core/src/protocol/message.rs	UpdateMessage	content	remote	operation	transient	MAX_LIVE_UPDATE_SIZE	none	checked semantic limit plus fallible exact construction of every successful owned value	resource exhaustion returns ProtocolError without publishing a partial value	update dispatch or drop	bounded	none
protocol.update.region	crates/dustnet-core/src/protocol/message.rs	UpdateMessage	region	remote	operation	transient	MAX_LIVE_UPDATE_SIZE and region limits	none	checked semantic limit plus fallible exact construction of every successful owned value	resource exhaustion returns ProtocolError without publishing a partial value	update dispatch or drop	bounded	none
client.current_origin_wrapper	crates/dustnet-client/src/client.rs	AtpClient	current_origin	remote	connection	retained	one protocol-bounded canonical origin	none	first-contact and host-change retained copies are prepared fallibly before transport or origin mutation while same-origin reconnect reuses the exact owner	allocation rejection preserves the exact prior retained origin and scope before transport mutation	host change disconnect or client drop	bounded	current_origin_preparation_rejection_preserves_existing_client_state
client.current_scope_wrapper	crates/dustnet-client/src/client.rs	AtpClient	current_scope	remote	page	retained	one protocol-bounded viewer-issued PageScope	none	owned transport preparation clones the exact reducer scope fallibly before transport mutation; consuming activation moves its owner	allocation rejection preserves the exact prior scope and transport work	page replacement disconnect or client drop	bounded	current_scope_preparation_rejection_precedes_transport_mutation
client.prepared_connection_origin.target	crates/dustnet-client/src/client.rs	PreparedConnectionOrigin	target	remote	operation	transient	one protocol-bounded canonical production origin	none	ASCII canonical origin construction completes fallibly once before any navigation connection or retained-owner mutation	canonicalization rejection drops the disposable candidate and preserves exact client state	connection attempt completion or operation drop	bounded	owned_fetch_preserves_viewer_scope_and_request_id
client.prepared_connection_origin.retained_target	crates/dustnet-client/src/client.rs	PreparedConnectionOrigin	retained_target	remote	operation	transient	zero or one protocol-bounded retained-origin candidate	none	the separately retained copy is prepared fallibly before scope connection or origin mutation and is moved into current_origin only after connection success	copy or connection rejection preserves the candidate for exact retry without changing the prior retained owner	current_origin transfer same-origin reuse or operation drop	bounded	same_origin_reconnect_reuses_exact_retained_owners
client.sessions_wrapper	crates/dustnet-client/src/client.rs	AtpClient	sessions	remote	process	retained	MAX_TOTAL_SESSIONS	Sessions	full governed candidate admission is owned by GovernedSessionStore	budget or allocator rejection preserves the active store	clear replacement or client drop	governed	governed_sessions_account_exact_retained_capacity_until_clear_and_drop,governed_sessions_candidate_rejection_preserves_the_exact_store
viewer.scope_wrapper	crates/dustnet-client/src/viewer.rs	ViewerModel	scope	remote	page	retained	one production protocol-bounded current PageScope	none	already-owned origins move into the model while every retained-scope duplicate is constructed fallibly before request or related reducer mutation	copy rejection preserves the exact current scope request table pending work and connection state	page replacement rollback replacement or viewer drop	bounded	current_scope_copy_rejection_precedes_reducer_mutation
page.scene_wrapper	crates/dustnet-client/src/compositor/terminal/runner.rs	LoadedPage	scene	remote	page	retained	one parser-bounded candidate scene	mixed categories	all retained scene owners are bounded or governed and node arena relation invalidation string cell and event preparation completes before candidate activation	candidate allocation or governor rejection leaves the active page unchanged and releases the disposable candidate	page replacement or drop	governed	layout_pressure_retains_exact_parsed_candidate_until_activation,layout_allocation_rejection_refuses_the_page_at_every_site_and_recovers
runtime.client_wrapper	crates/dustnet-client/src/compositor/terminal/runner.rs	TerminalRuntime	client	remote	process	retained	one internal ATP transport with protocol-bounded production origins	mixed categories	parsed ASCII origin canonicalization and every separately retained cache session subscription update and current owner completes fallibly before transport or wrapper mutation	canonical-origin or nested-owner rejection preserves the exact connection scope and retained client state	runtime drop	bounded	canonical_origin_rejection_precedes_connection_and_owner_mutation
runtime.compositor_wrapper	crates/dustnet-client/src/compositor/terminal/runner.rs	TerminalRuntime	compositor	remote	frame	retained	one compositor with at most one output and one presented shared frame	mixed categories	frame cells are governed dirty metadata is inline and the pinned shared-owner allocation is fallible before cache publication	cell or shared-owner rejection preserves the exact cached and presented frames	cache invalidation page replacement or runtime drop	bounded	shared_frame_owner_rejection_preserves_the_exact_cached_frame
runtime.input_mode_wrapper	crates/dustnet-client/src/compositor/terminal/runner.rs	TerminalRuntime	input_mode	mixed	page	retained	one terminal input projection capped by MAX_INPUT_MESSAGE_SIZE and authored maxlen	none	remote activation copies only complete bounded graphemes before state mutation; local growth reserves before insertion and projection copies are fallible while the exact edit remains retained for retry	activation or growth rejection preserves exact edit state and projection rejection publishes no partial value	input completion page replacement or runtime drop	bounded	input_mode_allocation_rejection_preserves_exact_edit_state
runtime.page_wrapper	crates/dustnet-client/src/compositor/terminal/runner.rs	TerminalRuntime	page	remote	page	retained	one active LoadedPage	mixed categories	complete candidate page and scene ownership is prepared before exact reducer-authorized activation	candidate rejection preserves the prior page and releases all candidate owners	page replacement or runtime drop	governed	layout_pressure_retains_exact_parsed_candidate_until_activation,layout_allocation_rejection_refuses_the_page_at_every_site_and_recovers
transient.protocol.hello_serialize	crates/dustnet-core/src/protocol/message.rs	HelloMessage::serialize	result	mixed	operation	transient	MAX_CONTROL_MESSAGE_SIZE	none	checked semantic limit plus fallible exact construction of every successful owned value	resource exhaustion returns ProtocolError without publishing a partial value	RawFrame transfer or drop	bounded	message_serializers_enforce_semantic_bounds
transient.protocol.welcome_serialize	crates/dustnet-core/src/protocol/message.rs	WelcomeMessage::serialize	result	mixed	operation	transient	MAX_CONTROL_MESSAGE_SIZE	none	checked semantic limit plus fallible exact construction of every successful owned value	resource exhaustion returns ProtocolError without publishing a partial value	RawFrame transfer or drop	bounded	message_serializers_enforce_semantic_bounds
transient.protocol.get_serialize	crates/dustnet-core/src/protocol/message.rs	GetMessage::serialize	result	mixed	operation	transient	MAX_CONTROL_MESSAGE_SIZE	none	checked semantic limit plus fallible exact construction of every successful owned value	resource exhaustion returns ProtocolError without publishing a partial value	RawFrame transfer or drop	bounded	message_serializers_enforce_semantic_bounds
transient.protocol.redirect_serialize	crates/dustnet-core/src/protocol/message.rs	RedirectMessage::serialize	result	mixed	operation	transient	MAX_CONTROL_MESSAGE_SIZE	none	checked semantic limit plus fallible exact construction of every successful owned value	resource exhaustion returns ProtocolError without publishing a partial value	RawFrame transfer or drop	bounded	message_serializers_enforce_semantic_bounds
transient.protocol.error_serialize	crates/dustnet-core/src/protocol/message.rs	ErrorMessage::serialize	result	mixed	operation	transient	MAX_CONTROL_MESSAGE_SIZE	none	checked semantic limit plus fallible exact construction of every successful owned value	resource exhaustion returns ProtocolError without publishing a partial value	RawFrame transfer or drop	bounded	message_serializers_enforce_semantic_bounds
transient.protocol.input_serialize	crates/dustnet-core/src/protocol/message.rs	InputMessage::serialize	result	mixed	operation	transient	MAX_INPUT_MESSAGE_SIZE	none	checked semantic limit plus fallible exact construction of every successful owned value	resource exhaustion returns ProtocolError without publishing a partial value	RawFrame transfer or drop	bounded	message_serializers_enforce_semantic_bounds
transient.protocol.subscribe_serialize	crates/dustnet-core/src/protocol/message.rs	SubscribeMessage::serialize	result	mixed	operation	transient	MAX_CONTROL_MESSAGE_SIZE	none	checked semantic limit plus fallible exact construction of every successful owned value	resource exhaustion returns ProtocolError without publishing a partial value	RawFrame transfer or drop	bounded	message_serializers_enforce_semantic_bounds
transient.protocol.update_serialize	crates/dustnet-core/src/protocol/message.rs	UpdateMessage::serialize	result	mixed	operation	transient	MAX_LIVE_UPDATE_SIZE	none	checked semantic limit plus fallible exact construction of every successful owned value	resource exhaustion returns ProtocolError without publishing a partial value	RawFrame transfer or drop	bounded	message_serializers_enforce_semantic_bounds
scoped_resource.scope	crates/dustnet-client/src/client.rs	ScopedResource	scope	remote	operation	retained	one reducer-issued page scope	none	fallibly cloned before transport or moved unchanged into the scoped completion	allocation rejection occurs before resource request publication	artifact transfer or drop	bounded	stale_same_scope_wasm_work_cannot_mutate_runtime_artifacts
scoped_resource.resource	crates/dustnet-client/src/client.rs	ScopedResource	resource	remote	page	retained	MAX_WASM_MODULE_SIZE	ResourceCache	allocation-free clone of the already-fallibly constructed shared owner retains body and lease together	cache eviction cannot release a body still owned by prepared or loaded page work	loaded-page replacement or final shared drop	governed	fixed_wasm_batch_moves_exact_path_and_body_leases_into_loaded_page,shared_resource_owner_rejection_preserves_same_cache_entry
shared_resource.inner	crates/dustnet-client/src/client.rs	SharedResource	inner	remote	page	retained	one pinned triomphe Arc owner	ResourceCache	fallible Arc construction follows exact aggregate admission for Vec capacity plus ArcInner layout	allocator rejection drops the unpublished body and lease without replacing the same-key cache entry	final shared drop	governed	shared_resource_owner_accounts_capacity_header_and_final_clone,shared_resource_owner_rejection_preserves_same_cache_entry
shared_resource_allocation.bytes	crates/dustnet-client/src/client.rs	SharedResourceAllocation	bytes	remote	page	retained	MAX_WASM_MODULE_SIZE and MAX_RESOURCE_CACHE_BYTES	ResourceCache	original response Vec moves without copying and its actual capacity is category and aggregate charged	governor or owner allocation rejection releases the complete candidate	final shared drop	governed	shared_resource_owner_accounts_capacity_header_and_final_clone,shared_resource_owner_rejection_preserves_same_cache_entry
shared_resource_allocation.lease	crates/dustnet-client/src/client.rs	SharedResourceAllocation	_lease	remote	page	retained	exact Vec capacity plus pinned ArcInner layout	ResourceCache	lease moves into the same fallibly allocated owner as the body	owner rejection drops the lease and returns count category and aggregate usage to baseline	final shared drop	governed	shared_resource_owner_accounts_capacity_header_and_final_clone,shared_resource_owner_rejection_preserves_same_cache_entry
wasm_artifact.path	crates/dustnet-client/src/compositor/terminal/runner.rs	PreparedWasmArtifact	path	remote	page	retained	MAX_ATTRIBUTE_VALUE_CHARS within MAX_WASM_INSTANCES	RemoteCollections	all dependency path capacities are atomically admitted before any LoadWasm request and strings move into fixed slots	admission pressure restores the exact fetched parse candidate and publishes no batch	loaded-page replacement RetirePageWork or drop	governed	wasm_batch_path_pressure_restores_exact_parse_candidate_for_retry
wasm_artifact.resource	crates/dustnet-client/src/compositor/terminal/runner.rs	PreparedWasmArtifact	resource	remote	page	retained	MAX_WASM_MODULE_SIZE	ResourceCache	ScopedResource and its shared exact body lease move into the fixed artifact slot	stale duplicate fetch and storage rejection cannot replace a current artifact	loaded-page replacement RetirePageWork or drop	governed	fixed_wasm_batch_moves_exact_path_and_body_leases_into_loaded_page,wasm_batch_path_pressure_restores_exact_parse_candidate_for_retry
wasm_batch.entries	crates/dustnet-client/src/compositor/terminal/runner.rs	PreparedWasmBatch	entries	remote	page	retained	MAX_WASM_INSTANCES fixed inline slots	RemoteCollections and ResourceCache	allocation-free array topology receives pre-admitted paths and leased resources then moves into LoadedPage	duplicate full stale and layout rejection preserve existing exact artifacts	loaded-page replacement RetirePageWork or drop	governed	layout_pressure_retains_exact_parsed_candidate_until_activation,wasm_batch_path_pressure_restores_exact_parse_candidate_for_retry
wasm_batch.path_lease	crates/dustnet-client/src/compositor/terminal/runner.rs	PreparedWasmBatch	path_lease	remote	page	retained	sum of dependency String capacities	RemoteCollections	one aggregate exact lease is acquired before publishing the dependency batch and shrinks on rejected paths	budget rejection restores the fetched candidate with no installed batch	loaded-page replacement RetirePageWork or drop	governed	wasm_batch_path_pressure_restores_exact_parse_candidate_for_retry
sessions.retained_lease	crates/dustnet-client/src/session_store.rs	GovernedSessionStore	retained_lease	remote	process	retained	exact retained session capacity	Sessions	candidate peak and retained session capacity are pre-admitted before replacement	admission rejection preserves the exact existing store and lease	clear or drop	governed	governed_sessions_account_exact_retained_capacity_until_clear_and_drop,governed_sessions_candidate_rejection_preserves_the_exact_store
page.projection_lease	crates/dustnet-client/src/compositor/terminal/runner.rs	LoadedPage	_projection_lease	remote	page	retained	exact focus placement and sticky projection capacity	RemoteCollections	candidate projection capacity is admitted before LoadedPage publication	projection rejection preserves the active page	page replacement or drop	governed	loaded_page_retains_and_releases_projection_collection_capacity,layout_allocation_rejection_refuses_the_page_at_every_site_and_recovers
region.cell_lease	crates/dustnet-client/src/compositor/terminal/runner.rs	RegionBuffer	cell_lease	remote	page	retained	exact retained flat live-region cell capacity	SceneCells	candidate logical cells are reserved before construction then reconciled to actual Vec capacity while the prior lease stays live	pressure preserves the exact prior flat cells and lease	region retirement page replacement or drop	governed	live_region_rows_are_exactly_leased_and_released,region_row_rejection_keeps_the_previous_generation_and_recovers
scene.node_topology_lease	crates/dustnet-client/src/compositor/scene/tree.rs	Scene	_node_topology_lease	remote	page	retained	exact fallibly allocated arena slot and free-index capacities including one dormant transition node	RemoteCollections	one candidate lease precedes both arena reserves and reconciles to allocator-selected capacities before node construction	admission or allocation rejection leaves only a disposable invalid candidate	scene replacement or drop	governed	dormant_page_transition_slot_transfers_lease_and_reuses_topology,scene_node_topology_governor_and_allocator_rejection_discard_candidates
scene.relayout_lease	crates/dustnet-client/src/compositor/scene/tree.rs	RelayoutJournal	_lease	remote	operation	retained	exact relayout rollback journal capacity	RemoteCollections	journal capacity is admitted before structural mutation	preadmission failure preserves scene topology and accounting	commit rollback or drop	governed	remove_preadmission_failure_preserves_scene_and_accounting,relayout_journal_rejection_installs_nothing_and_recovers
animation.collection_lease	crates/dustnet-client/src/compositor/animate/runtime.rs	AnimationRuntime	_animation_collection_lease	remote	page	retained	exact animation adapter collection capacity	RemoteCollections	complete adapter collection topology is admitted before runtime publication	candidate rejection releases all prepared adapters and leases	runtime replacement or drop	governed	from_scene_retains_exact_animation_frame_and_payload_leases,frame_collection_rejection_refuses_the_runtime_and_recovers
animation.payload_lease	crates/dustnet-client/src/compositor/animate/runtime.rs	AnimationRuntime	_animation_payload_lease	remote	page	retained	exact retained animation payload capacity	RemoteCollections	complete adapter payload is admitted before runtime publication	candidate rejection releases all prepared payload and leases	runtime replacement or drop	governed	from_scene_retains_exact_animation_frame_and_payload_leases,frame_collection_rejection_refuses_the_runtime_and_recovers
animation.transition_collection_lease	crates/dustnet-client/src/compositor/animate/runtime.rs	AnimationRuntime	_transition_collection_lease	remote	page	retained	exact panel-transition collection capacity	RemoteCollections	transition collection topology is pre-admitted before installation	pressure preserves existing transitions without partial insertion	runtime replacement or drop	governed	panel_transition_collection_is_preadmitted_and_released,frame_collection_rejection_refuses_the_runtime_and_recovers
effect_adapter.id	crates/dustnet-client/src/compositor/animate/effect.rs	TextEffectAdapter	id	remote	page	retained	one parser-bounded animation identifier	none	adapter accepts an already-owned String and performs no retained copy	caller-side candidate rejection precedes adapter publication	adapter or runtime drop	bounded	text_effect_paint_uses_no_string_scratch
effect_adapter.content	crates/dustnet-client/src/compositor/animate/effect.rs	TextEffectAdapter	content	remote	page	retained	MAX_TEXT_TOKEN_SIZE scanner bound	none	adapter accepts already-owned text and paints borrowed prefixes or graphemes without String scratch	caller-side candidate rejection precedes adapter publication	adapter or runtime drop	bounded	text_effect_paint_uses_no_string_scratch
tween_adapter.id	crates/dustnet-client/src/compositor/animate/tween.rs	TweenAdapter	id	remote	page	retained	one parser-bounded animation identifier	none	adapter accepts an already-owned String without cloning	caller-side candidate rejection precedes adapter publication	adapter or runtime drop	bounded	keyframes_sorted_at_construction
tween_adapter.keyframes	crates/dustnet-client/src/compositor/animate/tween.rs	TweenAdapter	keyframes	remote	page	retained	MAX_ANIMATION_FRAMES parser bound	none	caller-owned bounded Vec moves into the compatibility adapter and sorting is allocation-free	caller-side candidate rejection precedes adapter publication	adapter or runtime drop	bounded	keyframes_sorted_at_construction
frame_adapter.id	crates/dustnet-client/src/compositor/animate/frame.rs	FrameAnimationAdapter	id	remote	page	retained	one parser-bounded animation identifier	RemoteCollections	fallibly copied snapshot String moves into the adapter under the runtime payload lease	candidate rejection drops the adapter and aggregate payload lease	adapter or runtime drop	governed	from_scene_retains_exact_animation_frame_and_payload_leases,frame_collection_rejection_refuses_the_runtime_and_recovers
frame_adapter.frames	crates/dustnet-client/src/compositor/animate/frame.rs	FrameAnimationAdapter	frames	remote	page	retained	MAX_ANIMATION_FRAMES and governed CellBuffer dimensions	RemoteCollections and SceneCells	complete frame Vec and every governed buffer are built before adapter publication	layout or admission rejection drops the disposable frame candidate	adapter or runtime drop	governed	from_scene_retains_exact_animation_frame_and_payload_leases,frame_collection_rejection_refuses_the_runtime_and_recovers
frame_adapter.after	crates/dustnet-client/src/compositor/animate/frame.rs	FrameAnimationAdapter	after	remote	page	retained	one parser-bounded dependency identifier	RemoteCollections	fallibly copied snapshot String moves into the adapter under the runtime payload lease	candidate rejection drops the adapter and aggregate payload lease	adapter or runtime drop	governed	from_scene_retains_exact_animation_frame_and_payload_leases,frame_collection_rejection_refuses_the_runtime_and_recovers
frame_adapter.collection_lease	crates/dustnet-client/src/compositor/animate/frame.rs	FrameAnimationAdapter	_collection_budget_lease	remote	page	retained	exact frame Vec backing capacity	RemoteCollections	lease is admitted and reconciled before frame buffers are inserted	candidate rejection releases frames before their lease	adapter or runtime drop	governed	from_scene_retains_exact_animation_frame_and_payload_leases,frame_collection_rejection_refuses_the_runtime_and_recovers
wasm_adapter.id	crates/dustnet-client/src/compositor/animate/wasm.rs	WasmAnimationAdapter	id	remote	page	retained	one parser-bounded animation identifier	RemoteCollections	fallibly copied snapshot String moves into the adapter under the runtime payload lease	candidate rejection drops the adapter and aggregate payload lease	adapter or runtime drop	governed	from_scene_retains_exact_animation_frame_and_payload_leases,frame_collection_rejection_refuses_the_runtime_and_recovers
wasm_adapter.after	crates/dustnet-client/src/compositor/animate/wasm.rs	WasmAnimationAdapter	after	remote	page	retained	one parser-bounded dependency identifier	RemoteCollections	fallibly copied snapshot String moves into the adapter under the runtime payload lease	candidate rejection drops the adapter and aggregate payload lease	adapter or runtime drop	governed	from_scene_retains_exact_animation_frame_and_payload_leases,frame_collection_rejection_refuses_the_runtime_and_recovers
wasm_adapter.pending_notice	crates/dustnet-client/src/compositor/animate/wasm.rs	WasmAnimationAdapter	pending_notice	remote	operation	retained	animation identifier length plus 160 bytes	none	bounded writer reserves fallibly and rejects overflow before publishing the optional notice	allocation or bound rejection omits the secondary notice without aborting adapter failure handling	next tick transfer adapter replacement or drop	bounded	wasm_notice_formatting_is_bounded_and_fallible
wasm_adapter.swap_buf	crates/dustnet-client/src/compositor/animate/wasm.rs	WasmAnimationAdapter	swap_buf	remote	page	retained	validated animation region within scene cell limits	CompositorCells	governed CellBuffer is completely built before adapter publication	construction or resize rejection preserves prior adapter storage	adapter replacement or drop	governed	resize_pressure_preserves_adapter_and_exact_storage_until_retry
transition_adapter.id	crates/dustnet-client/src/compositor/animate/transition.rs	TransitionAdapter	id	remote	operation	retained	parser-bounded panel identifier plus fixed prefix	none	fallible exact String construction completes before transition candidate publication	allocation rejection returns before transition installation	transition completion rejection or drop	bounded	panel_transition_id_construction_is_bounded_and_fallible
transition_adapter.old_buf	crates/dustnet-client/src/compositor/animate/transition.rs	TransitionAdapter	old_buf	remote	operation	retained	union panel region within scene cell limits	CompositorCells	governed exact sub-buffer candidate moves into adapter before page commit	candidate rejection preserves the prior active page	transition completion rejection or drop	governed	panel_transition_buffers_retain_exact_governed_storage,refused_panel_transition_capture_reports_failure_and_recovers
transition_adapter.new_buf	crates/dustnet-client/src/compositor/animate/transition.rs	TransitionAdapter	new_buf	remote	operation	retained	union panel region within scene cell limits	CompositorCells	governed exact sub-buffer candidate moves into adapter before page commit	candidate rejection preserves the prior active page	transition completion rejection or drop	governed	panel_transition_buffers_retain_exact_governed_storage,refused_panel_transition_capture_reports_failure_and_recovers
page_transition.old_snapshot	crates/dustnet-client/src/compositor/animate/page_transition.rs	PageTransitionAdapter	old_snapshot	remote	operation	retained	viewport within scene cell limits	CompositorCells	exact governed source snapshot moves into adapter only after destination admission	transition pressure preserves the scoped source snapshot for retry	transition completion cancellation or drop	governed	governed_adapter_releases_transition_storage_on_drop,page_transition_start_pressure_preserves_exact_capture_until_retry
page_transition.new_snapshot	crates/dustnet-client/src/compositor/animate/page_transition.rs	PageTransitionAdapter	new_snapshot	remote	operation	retained	viewport within scene cell limits	CompositorCells	exact governed destination snapshot moves into adapter only after complete admission	candidate rejection preserves the active destination page	transition completion cancellation or drop	governed	governed_adapter_releases_transition_storage_on_drop,page_transition_start_pressure_preserves_exact_capture_until_retry
transient.local_wasm_read	crates/dustnet-client/src/compositor/animate/wasm.rs	load_wasm_from_file	result	remote	operation	transient	MAX_WASM_MODULE_SIZE plus one growth-detection byte	none	validated open-file metadata precedes exact fallible buffer reservation and capped reads	allocator rejection or file growth publishes no module bytes	compile completion error or function return	bounded	local_wasm_read_allocation_rejection_is_recoverable_and_bounded
protocol.uri.host	crates/dustnet-core/src/protocol/uri.rs	AtpUri	host	remote	operation	retained	MAX_URI_LEN and ASCII host validation	none	parser reserves the complete canonical host before publication	allocation rejection returns ResourceExhausted without a partial URI	URI owner replacement transfer or drop	bounded	uri_allocation_rejection_is_recoverable
protocol.uri.path	crates/dustnet-core/src/protocol/uri.rs	AtpUri	path	remote	operation	retained	MAX_URI_LEN	none	one-pass normalization reserves the complete bounded path before publication	allocation rejection returns ResourceExhausted without a partial URI	URI owner replacement transfer or drop	bounded	uri_allocation_rejection_is_recoverable
protocol.uri.query	crates/dustnet-core/src/protocol/uri.rs	AtpUri	query	remote	operation	retained	MAX_URI_LEN	none	query capacity is reserved and copied fallibly before URI publication	allocation rejection returns ResourceExhausted without a partial URI	URI owner replacement transfer or drop	bounded	uri_allocation_rejection_is_recoverable
transient.protocol_diagnostic	crates/dustnet-core/src/protocol/mod.rs	try_protocol_diagnostic	result	remote	operation	transient	MAX_PROTOCOL_DIAGNOSTIC_BYTES with complete UTF-8 scalar boundaries	none	literal errors borrow static text while formatted diagnostics reserve each bounded segment fallibly	allocation rejection returns ResourceExhausted instead of publishing a partial diagnostic	ProtocolError handling logging or drop	bounded	protocol_diagnostic_formatting_is_bounded_and_fallible
transient.transport_address	crates/dustnet-client/src/transport.rs	try_format_host_port	result	remote	operation	transient	validated host plus brackets colon and five decimal port digits	none	complete socket-address capacity is checked and reserved before formatting	allocation rejection precedes network connection and publishes no address	connection attempt completion error or return	bounded	transport_address_and_server_name_allocation_rejection_is_recoverable
transient.transport_server_name	crates/dustnet-client/src/transport.rs	try_server_name	result	remote	operation	transient	validated canonical host bounded by MAX_URI_LEN	none	exact host capacity is reserved before TLS server-name construction	allocation rejection precedes TCP or TLS handshake state mutation	TLS handshake completion error or return	bounded	transport_address_and_server_name_allocation_rejection_is_recoverable
transient.origin_storage_key	crates/dustnet-core/src/protocol/origin.rs	Origin::storage_key	result	remote	operation	transient	canonical host plus fixed security label separator and decimal port	none	complete bounded key capacity is reserved before allocation-free formatting	allocation rejection publishes no partial key	local UI selection test or drop	bounded	storage_keys_format_compare_and_match_without_duplicate_keys
transient.session_directive_serialize	crates/dustnet-core/src/session.rs	SessionDirective::serialize	result	remote	operation	transient	MAX_TOKEN_LEN plus MAX_SCOPE_LEN and fixed directive metadata	none	public values are semantically bounded before complete output capacity is reserved and written	invalid input or allocation rejection publishes no partial directive	compatibility caller or drop	bounded	directive_allocation_rejection_never_publishes_a_partial_value
transient.session_directive_parse_set	crates/dustnet-core/src/session.rs	SessionDirective::parse_set	result	remote	operation	transient	MAX_TOKEN_LEN plus MAX_SCOPE_LEN	none	borrowed values are validated before token and scope are copied fallibly	second-copy rejection drops the already-built token and publishes no directive	compatibility caller or drop	bounded	directive_allocation_rejection_never_publishes_a_partial_value
transient.session_directive_parse_clear	crates/dustnet-core/src/session.rs	SessionDirective::parse_clear	result	remote	operation	transient	MAX_SCOPE_LEN	none	borrowed scope is validated before it is copied fallibly	allocation rejection publishes no directive	compatibility caller or drop	bounded	directive_allocation_rejection_never_publishes_a_partial_value
event_dispatcher.collection_lease	crates/dustnet-client/src/compositor/terminal/events.rs	EventDispatcher	_collection_lease	remote	page	retained	MAX_PENDING_EVENT_ACTIONS topology	RemoteCollections	full queue capacity is admitted before dispatcher publication	admission rejection returns without a dispatcher or partial queue	page replacement or drop	governed	queue_capacity_is_governed_for_the_page_lifetime,page_canvas_and_event_queue_rejection_refuse_the_page_and_recover
watch.generation_text	crates/dustnet-server/src/live_watch.rs	LiveGeneration	text	remote	process	retained	MAX_LIVE_UPDATE_SIZE less update framing and 128 MiB server-wide subscription budget	ServerSubscriptions	read scratch plus retained text reserved once before the read, never once per subscriber	refused read leaves the previous generation published and retries on the next reconcile	last Arc holder drops, whether the registry or a lagging subscriber	governed	watch_entry_allocation_rejection_returns_every_byte
watch.generation_lease	crates/dustnet-server/src/live_watch.rs	LiveGeneration	_content_lease	remote	process	retained	exact retained text capacity after read scratch is released	ServerSubscriptions	reserved with the read and shrunk to the retained text	candidate lease drops with the abandoned read	last Arc holder drops	governed	watch_entry_allocation_rejection_returns_every_byte
watch.entry_wakes	crates/dustnet-server/src/live_watch.rs	WatchedFile	wakes	remote	process	retained	WAKE_SLOTS per file and MAX_WATCHED_FILES files server-wide	ServerSubscriptions	capacity reserved fallibly when the entry is installed, before any subscriber is admitted	rejection at WakeSlots refuses the attach and returns the entry lease	entry is reaped when its last watch receiver drops	governed	watch_entry_allocation_rejection_returns_every_byte
watch.entry_lease	crates/dustnet-server/src/live_watch.rs	WatchedFile	_entry_lease	remote	process	retained	exact key path capacity plus reserved wake slots	ServerSubscriptions	reserved before the entry is inserted	failed install drops the lease without inserting an entry	entry is reaped when its last watch receiver drops	governed	watch_entry_allocation_rejection_returns_every_byte
watch.entry_updates	crates/dustnet-server/src/live_watch.rs	WatchedFile	updates	remote	process	retained	one channel per watched file holding one refcounted generation	none	created with the entry; the generation it holds is charged by row watch.generation_text	channel creation is infallible and fixed size	entry is reaped when its last watch receiver drops	bounded	one_read_serves_every_subscriber_of_a_path
watch.files	crates/dustnet-server/src/live_watch.rs	WatchRegistry	files	remote	process	retained	MAX_WATCHED_FILES distinct paths server-wide	none	attach refuses a new path once the ceiling is reached	refused attach leaves the table unchanged	reaped per entry when its last watch receiver drops	bounded	a_generation_is_released_when_its_last_holder_drops
watch.change_source	crates/dustnet-server/src/live_watch.rs	WatchRegistry	source	local	process	retained	one boxed change source per server	none	constructed once at server start from local configuration	a source that cannot start is replaced by periodic reconciliation	dropped with the registry	local	write_via_rename_is_observed
server.subscription_baseline	crates/dustnet-server/src/lib.rs	StaticSubscription	baseline	remote	connection	retained	one refcounted handle on a generation whose bytes are charged by row watch.generation_text	none	an Arc clone of a generation already admitted by the registry; no content is copied per subscriber	handle clone is infallible and fixed size	advances on a successful send, or drops with the subscription	bounded	shared_generation_pressure_preserves_the_delta_baseline
server.subscription_updates	crates/dustnet-server/src/lib.rs	StaticSubscription	updates	remote	connection	retained	one watch receiver per subscription and 16 subscriptions per connection	none	created by the registry when the subscription attaches	receiver creation is infallible and fixed size	dropped with the subscription, which is what lets the registry reap the file	bounded	read_and_send_failures_preserve_the_delta_baseline
runtime.retry_after_trust	crates/dustnet-client/src/compositor/terminal/runner.rs	TerminalRuntime	retry_after_trust	local	operation	retained	at most one URI, already admitted as the navigation target	none	fallible AtpUri try_clone of a URI the client had already accepted; a rejected clone leaves the slot empty	allocation rejection abandons the retry and reports it rather than reconnecting unpinned	taken by the next loop iteration or runtime drop	bounded	an_unverifiable_site_is_reported_then_reachable_once_pinned
runtime.last_fetch_error	crates/dustnet-client/src/compositor/terminal/runner.rs	TerminalRuntime	last_fetch_error	remote	operation	retained	at most one message, already bounded by the ClientError it was formatted from	none	one owned String per failed fetch, replacing any previous	no allocation path of its own; the message it clones is already held	taken when the first navigation reports it or runtime drop	bounded	an_unverifiable_site_is_reported_then_reachable_once_pinned
